{"count":1,"self":1702.3850496,"total":9260.9138596,"children":{"InitializeActuators":{"count":2,"self":0.0010004999999999999,"total":0.0010004999999999999,"children":null},"InitializeSensors":{"count":2,"self":0.0030012,"total":0.0030012,"children":null},"AgentSendState":{"count":4970934,"self":6.3532036,"total":416.2091483,"children":{"CollectObservations":{"count":994194,"self":1.1794467,"total":1.1794467,"children":null},"WriteActionMask":{"count":994194,"self":0.65973759999999992,"total":0.65973759999999992,"children":null},"RequestDecision":{"count":994194,"self":2.8407936,"total":408.0167604,"children":{"AgentInfo.ToProto":{"count":994194,"self":2.7223864,"total":405.1759669,"children":{"GenerateSensorData":{"count":994194,"self":16.421745599999998,"total":402.4535805,"children":{"CameraSensor.GetCompressedObservation":{"count":994194,"self":386.0318464,"total":386.0318347,"children":null}}}}}}}}},"DecideAction":{"count":4970934,"self":6974.1191168,"total":6974.1191082,"children":null},"AgentAct":{"count":4970934,"self":74.7117568,"total":74.7117555,"children":null},"AgentInfo.ToProto":{"count":193956,"self":0.6020703,"total":93.4838053,"children":{"GenerateSensorData":{"count":193956,"self":3.3171866,"total":92.881734999999992,"children":{"CameraSensor.GetCompressedObservation":{"count":193956,"self":89.5645504,"total":89.564548399999993,"children":null}}}}}},"gauges":{"MainAgent.CumulativeReward":{"count":193956,"max":2,"min":-2,"runningAverage":1.94072709E-11,"value":-1,"weightedAverage":-0.131733492}},"metadata":{"timer_format_version":"0.1.0","start_time_seconds":"1625761096","unity_version":"2020.3.13f1","command_line_arguments":"C:\\Program Files\\Unity\\Hub\\Editor\\2020.3.13f1\\Editor\\Unity.exe -projectpath C:\/Users\/totma\/Desktop\/IGGI\/Tron-RL -useHub -hubIPC -cloudEnvironment production -hubSessionId f4f77580-dfcd-11eb-8bfa-4d79f20a4d73","communication_protocol_version":"1.5.0","com.unity.ml-agents_version":"2.1.0-exp.1","scene_name":"Game","end_time_seconds":"1625770357"}}